INSERT INTO proveedores(codigo,nombre,categoria,retencion) VALUES ("01537", "Cristobal Ramirez", "A", "NO");
INSERT INTO acopio_leche(fecha,turno,codigo_proveedor,kilos_leche) VALUES ("2023/03/01", "M", "01537", 30);
INSERT INTO acopio_leche(fecha,turno,codigo_proveedor,kilos_leche) VALUES ("2023/03/03", "M", "01537", 67);
INSERT INTO acopio_leche(fecha,turno,codigo_proveedor,kilos_leche) VALUES ("2023/03/03", "T", "01537", 45);
INSERT INTO acopio_leche(fecha,turno,codigo_proveedor,kilos_leche) VALUES ("2023/03/05", "M", "01537", 50);
INSERT INTO acopio_leche(fecha,turno,codigo_proveedor,kilos_leche) VALUES ("2023/03/06", "T", "01537", 36);
INSERT INTO acopio_leche(fecha,turno,codigo_proveedor,kilos_leche) VALUES ("2023/03/07", "M", "01537", 56);
INSERT INTO acopio_leche(fecha,turno,codigo_proveedor,kilos_leche) VALUES ("2023/03/08", "M", "01537", 32);
INSERT INTO acopio_leche(fecha,turno,codigo_proveedor,kilos_leche) VALUES ("2023/03/09", "T", "01537", 54);
INSERT INTO acopio_leche(fecha,turno,codigo_proveedor,kilos_leche) VALUES ("2023/03/10", "T", "01537", 47);
INSERT INTO acopio_leche(fecha,turno,codigo_proveedor,kilos_leche) VALUES ("2023/03/14", "M", "01537", 41);
INSERT INTO acopio_leche(fecha,turno,codigo_proveedor,kilos_leche) VALUES ("2023/03/15", "M", "01537", 67);
INSERT INTO acopio_leche(fecha,turno,codigo_proveedor,kilos_leche) VALUES ("2023/03/15", "T", "01537", 25);
INSERT INTO propiedades_leche(codigo_proveedor,porcentaje_solidos,porcentaje_grasa) VALUES ("01537", 15, 17);
INSERT INTO proveedores(codigo,nombre,categoria,retencion) VALUES ("03001", "Juan Perez", "C", "NO");
INSERT INTO acopio_leche(fecha,turno,codigo_proveedor,kilos_leche) VALUES ("2023/03/01", "M", "03001", 30);
INSERT INTO acopio_leche(fecha,turno,codigo_proveedor,kilos_leche) VALUES ("2023/03/03", "M", "03001", 67);
INSERT INTO acopio_leche(fecha,turno,codigo_proveedor,kilos_leche) VALUES ("2023/03/03", "T", "03001", 45);
INSERT INTO acopio_leche(fecha,turno,codigo_proveedor,kilos_leche) VALUES ("2023/03/06", "T", "03001", 36);
INSERT INTO acopio_leche(fecha,turno,codigo_proveedor,kilos_leche) VALUES ("2023/03/07", "M", "03001", 56);
INSERT INTO acopio_leche(fecha,turno,codigo_proveedor,kilos_leche) VALUES ("2023/03/08", "M", "03001", 32);
INSERT INTO acopio_leche(fecha,turno,codigo_proveedor,kilos_leche) VALUES ("2023/03/09", "T", "03001", 54);
INSERT INTO acopio_leche(fecha,turno,codigo_proveedor,kilos_leche) VALUES ("2023/03/14", "M", "03001", 41);
INSERT INTO acopio_leche(fecha,turno,codigo_proveedor,kilos_leche) VALUES ("2023/03/15", "M", "03001", 67);
INSERT INTO acopio_leche(fecha,turno,codigo_proveedor,kilos_leche) VALUES ("2023/03/15", "T", "03001", 25);
INSERT INTO propiedades_leche(codigo_proveedor,porcentaje_solidos,porcentaje_grasa) VALUES ("03001", 27, 23);
INSERT INTO proveedores(codigo,nombre,categoria,retencion) VALUES ("03002", "Pedro Gonzales", "A", "SI");
INSERT INTO acopio_leche(fecha,turno,codigo_proveedor,kilos_leche) VALUES ("2023/03/01", "M", "03002", 56);
INSERT INTO acopio_leche(fecha,turno,codigo_proveedor,kilos_leche) VALUES ("2023/03/01", "T", "03002", 90);
INSERT INTO acopio_leche(fecha,turno,codigo_proveedor,kilos_leche) VALUES ("2023/03/02", "M", "03002", 120);
INSERT INTO acopio_leche(fecha,turno,codigo_proveedor,kilos_leche) VALUES ("2023/03/02", "T", "03002", 78);
INSERT INTO acopio_leche(fecha,turno,codigo_proveedor,kilos_leche) VALUES ("2023/03/03", "M", "03002", 89);
INSERT INTO acopio_leche(fecha,turno,codigo_proveedor,kilos_leche) VALUES ("2023/03/03", "T", "03002", 67);
INSERT INTO acopio_leche(fecha,turno,codigo_proveedor,kilos_leche) VALUES ("2023/03/04", "M", "03002", 88);
INSERT INTO acopio_leche(fecha,turno,codigo_proveedor,kilos_leche) VALUES ("2023/03/04", "T", "03002", 93);
INSERT INTO acopio_leche(fecha,turno,codigo_proveedor,kilos_leche) VALUES ("2023/03/05", "M", "03002", 72);
INSERT INTO acopio_leche(fecha,turno,codigo_proveedor,kilos_leche) VALUES ("2023/03/06", "T", "03002", 93);
INSERT INTO acopio_leche(fecha,turno,codigo_proveedor,kilos_leche) VALUES ("2023/03/07", "M", "03002", 83);
INSERT INTO acopio_leche(fecha,turno,codigo_proveedor,kilos_leche) VALUES ("2023/03/08", "M", "03002", 78);
INSERT INTO acopio_leche(fecha,turno,codigo_proveedor,kilos_leche) VALUES ("2023/03/09", "T", "03002", 56);
INSERT INTO acopio_leche(fecha,turno,codigo_proveedor,kilos_leche) VALUES ("2023/03/10", "M", "03002", 97);
INSERT INTO acopio_leche(fecha,turno,codigo_proveedor,kilos_leche) VALUES ("2023/03/10", "T", "03002", 78);
INSERT INTO acopio_leche(fecha,turno,codigo_proveedor,kilos_leche) VALUES ("2023/03/11", "T", "03002", 76);
INSERT INTO acopio_leche(fecha,turno,codigo_proveedor,kilos_leche) VALUES ("2023/03/14", "M", "03002", 97);
INSERT INTO acopio_leche(fecha,turno,codigo_proveedor,kilos_leche) VALUES ("2023/03/15", "M", "03002", 67);
INSERT INTO acopio_leche(fecha,turno,codigo_proveedor,kilos_leche) VALUES ("2023/03/15", "T", "03002", 89);
INSERT INTO propiedades_leche(codigo_proveedor,porcentaje_solidos,porcentaje_grasa) VALUES ("03002", 15, 35);